Tarikh Miladi,Tarikh Hijri,Hari,Imsak,Subuh,Syuruk,Zohor,Asar,Maghrib,Isyak
1/1/2025,1 Rejab 1446,Rabu,6:04 AM,6:14 AM,7:26 AM,1:24 PM,4:46 PM,7:18 PM,8:33 PM
2/1/2025,2 Rejab 1446,Khamis,6:05 AM,6:15 AM,7:26 AM,1:25 PM,4:47 PM,7:19 PM,8:33 PM
3/1/2025,3 Rejab 1446,Jumaat,6:05 AM,6:15 AM,7:27 AM,1:25 PM,4:47 PM,7:19 PM,8:34 PM
4/1/2025,4 Rejab 1446,Sabtu,6:06 AM,6:16 AM,7:27 AM,1:26 PM,4:48 PM,7:20 PM,8:34 PM
5/1/2025,5 Rejab 1446,Ahad,6:06 AM,6:16 AM,7:28 AM,1:26 PM,4:48 PM,7:20 PM,8:35 PM
6/1/2025,6 Rejab 1446,Isnin,6:07 AM,6:17 AM,7:28 AM,1:27 PM,4:48 PM,7:21 PM,8:35 PM
7/1/2025,7 Rejab 1446,Selasa,6:07 AM,6:17 AM,7:28 AM,1:27 PM,4:49 PM,7:21 PM,8:35 PM
8/1/2025,8 Rejab 1446,Rabu,6:07 AM,6:17 AM,7:29 AM,1:28 PM,4:49 PM,7:22 PM,8:36 PM
9/1/2025,9 Rejab 1446,Khamis,6:08 AM,6:18 AM,7:29 AM,1:28 PM,4:50 PM,7:22 PM,8:36 PM
10/1/2025,10 Rejab 1446,Jumaat,6:08 AM,6:18 AM,7:29 AM,1:28 PM,4:50 PM,7:23 PM,8:37 PM
11/1/2025,11 Rejab 1446,Sabtu,6:09 AM,6:19 AM,7:30 AM,1:29 PM,4:51 PM,7:23 PM,8:37 PM
12/1/2025,12 Rejab 1446,Ahad,6:09 AM,6:19 AM,7:30 AM,1:29 PM,4:51 PM,7:23 PM,8:37 PM
13/1/2025,13 Rejab 1446,Isnin,6:09 AM,6:19 AM,7:30 AM,1:30 PM,4:51 PM,7:24 PM,8:38 PM
14/1/2025,14 Rejab 1446,Selasa,6:10 AM,6:20 AM,7:31 AM,1:30 PM,4:52 PM,7:24 PM,8:38 PM
15/1/2025,15 Rejab 1446,Rabu,6:10 AM,6:20 AM,7:31 AM,1:30 PM,4:52 PM,7:25 PM,8:38 PM
16/1/2025,16 Rejab 1446,Khamis,6:11 AM,6:21 AM,7:31 AM,1:31 PM,4:52 PM,7:25 PM,8:39 PM
17/1/2025,17 Rejab 1446,Jumaat,6:11 AM,6:21 AM,7:32 AM,1:31 PM,4:53 PM,7:26 PM,8:39 PM
18/1/2025,18 Rejab 1446,Sabtu,6:11 AM,6:21 AM,7:32 AM,1:31 PM,4:53 PM,7:26 PM,8:39 PM
19/1/2025,19 Rejab 1446,Ahad,6:12 AM,6:22 AM,7:32 AM,1:32 PM,4:53 PM,7:26 PM,8:40 PM
20/1/2025,20 Rejab 1446,Isnin,6:12 AM,6:22 AM,7:32 AM,1:32 PM,4:54 PM,7:27 PM,8:40 PM
21/1/2025,21 Rejab 1446,Selasa,6:12 AM,6:22 AM,7:32 AM,1:32 PM,4:54 PM,7:27 PM,8:40 PM
22/1/2025,22 Rejab 1446,Rabu,6:13 AM,6:23 AM,7:33 AM,1:32 PM,4:54 PM,7:27 PM,8:40 PM
23/1/2025,23 Rejab 1446,Khamis,6:13 AM,6:23 AM,7:33 AM,1:33 PM,4:54 PM,7:28 PM,8:41 PM
24/1/2025,24 Rejab 1446,Jumaat,6:13 AM,6:23 AM,7:33 AM,1:33 PM,4:55 PM,7:28 PM,8:41 PM
25/1/2025,25 Rejab 1446,Sabtu,6:13 AM,6:23 AM,7:33 AM,1:33 PM,4:55 PM,7:28 PM,8:41 PM
26/1/2025,26 Rejab 1446,Ahad,6:14 AM,6:24 AM,7:33 AM,1:33 PM,4:55 PM,7:29 PM,8:41 PM
27/1/2025,27 Rejab 1446,Isnin,6:14 AM,6:24 AM,7:33 AM,1:34 PM,4:55 PM,7:29 PM,8:41 PM
28/1/2025,28 Rejab 1446,Selasa,6:14 AM,6:24 AM,7:33 AM,1:34 PM,4:55 PM,7:29 PM,8:42 PM
29/1/2025,29 Rejab 1446,Rabu,6:14 AM,6:24 AM,7:34 AM,1:34 PM,4:55 PM,7:30 PM,8:42 PM
30/1/2025,30 Rejab 1446,Khamis,6:14 AM,6:24 AM,7:34 AM,1:34 PM,4:55 PM,7:30 PM,8:42 PM
31/1/2025,1 Syaaban 1446,Jumaat,6:14 AM,6:24 AM,7:34 AM,1:34 PM,4:56 PM,7:30 PM,8:42 PM
1/2/2025,2 Syaaban 1446,Sabtu,6:15 AM,6:25 AM,7:34 AM,1:34 PM,4:56 PM,7:30 PM,8:42 PM
2/2/2025,3 Syaaban 1446,Ahad,6:15 AM,6:25 AM,7:34 AM,1:35 PM,4:56 PM,7:31 PM,8:42 PM
3/2/2025,4 Syaaban 1446,Isnin,6:15 AM,6:25 AM,7:34 AM,1:35 PM,4:56 PM,7:31 PM,8:43 PM
4/2/2025,5 Syaaban 1446,Selasa,6:15 AM,6:25 AM,7:34 AM,1:35 PM,4:56 PM,7:31 PM,8:43 PM
5/2/2025,6 Syaaban 1446,Rabu,6:15 AM,6:25 AM,7:34 AM,1:35 PM,4:56 PM,7:31 PM,8:43 PM
6/2/2025,7 Syaaban 1446,Khamis,6:15 AM,6:25 AM,7:34 AM,1:35 PM,4:56 PM,7:31 PM,8:43 PM
7/2/2025,8 Syaaban 1446,Jumaat,6:15 AM,6:25 AM,7:34 AM,1:35 PM,4:56 PM,7:32 PM,8:43 PM
8/2/2025,9 Syaaban 1446,Sabtu,6:15 AM,6:25 AM,7:34 AM,1:35 PM,4:56 PM,7:32 PM,8:43 PM
9/2/2025,10 Syaaban 1446,Ahad,6:15 AM,6:25 AM,7:33 AM,1:35 PM,4:55 PM,7:32 PM,8:43 PM
10/2/2025,11 Syaaban 1446,Isnin,6:15 AM,6:25 AM,7:33 AM,1:35 PM,4:55 PM,7:32 PM,8:43 PM
11/2/2025,12 Syaaban 1446,Selasa,6:15 AM,6:25 AM,7:33 AM,1:35 PM,4:55 PM,7:32 PM,8:43 PM
12/2/2025,13 Syaaban 1446,Rabu,6:15 AM,6:25 AM,7:33 AM,1:35 PM,4:55 PM,7:32 PM,8:43 PM
13/2/2025,14 Syaaban 1446,Khamis,6:15 AM,6:25 AM,7:33 AM,1:35 PM,4:55 PM,7:32 PM,8:43 PM
14/2/2025,15 Syaaban 1446,Jumaat,6:15 AM,6:25 AM,7:33 AM,1:35 PM,4:55 PM,7:33 PM,8:43 PM
15/2/2025,16 Syaaban 1446,Sabtu,6:15 AM,6:25 AM,7:33 AM,1:35 PM,4:55 PM,7:33 PM,8:43 PM
16/2/2025,17 Syaaban 1446,Ahad,6:15 AM,6:25 AM,7:32 AM,1:35 PM,4:54 PM,7:33 PM,8:43 PM
17/2/2025,18 Syaaban 1446,Isnin,6:15 AM,6:25 AM,7:32 AM,1:35 PM,4:54 PM,7:33 PM,8:43 PM
18/2/2025,19 Syaaban 1446,Selasa,6:15 AM,6:25 AM,7:32 AM,1:35 PM,4:54 PM,7:33 PM,8:43 PM
19/2/2025,20 Syaaban 1446,Rabu,6:14 AM,6:24 AM,7:32 AM,1:35 PM,4:54 PM,7:33 PM,8:43 PM
20/2/2025,21 Syaaban 1446,Khamis,6:14 AM,6:24 AM,7:32 AM,1:35 PM,4:53 PM,7:33 PM,8:43 PM
21/2/2025,22 Syaaban 1446,Jumaat,6:14 AM,6:24 AM,7:31 AM,1:34 PM,4:53 PM,7:33 PM,8:43 PM
22/2/2025,23 Syaaban 1446,Sabtu,6:14 AM,6:24 AM,7:31 AM,1:34 PM,4:53 PM,7:33 PM,8:43 PM
23/2/2025,24 Syaaban 1446,Ahad,6:14 AM,6:24 AM,7:31 AM,1:34 PM,4:52 PM,7:33 PM,8:43 PM
24/2/2025,25 Syaaban 1446,Isnin,6:13 AM,6:23 AM,7:31 AM,1:34 PM,4:52 PM,7:33 PM,8:43 PM
25/2/2025,26 Syaaban 1446,Selasa,6:13 AM,6:23 AM,7:30 AM,1:34 PM,4:51 PM,7:33 PM,8:42 PM
26/2/2025,27 Syaaban 1446,Rabu,6:13 AM,6:23 AM,7:30 AM,1:34 PM,4:51 PM,7:33 PM,8:42 PM
27/2/2025,28 Syaaban 1446,Khamis,6:13 AM,6:23 AM,7:30 AM,1:34 PM,4:51 PM,7:33 PM,8:42 PM
28/2/2025,29 Syaaban 1446,Jumaat,6:12 AM,6:22 AM,7:29 AM,1:33 PM,4:50 PM,7:33 PM,8:42 PM
1/3/2025,30 Syaaban 1446,Sabtu,6:12 AM,6:22 AM,7:29 AM,1:33 PM,4:50 PM,7:33 PM,8:42 PM
2/3/2025,1 Ramadan 1446,Ahad,6:12 AM,6:22 AM,7:29 AM,1:33 PM,4:49 PM,7:33 PM,8:42 PM
3/3/2025,2 Ramadan 1446,Isnin,6:12 AM,6:22 AM,7:28 AM,1:33 PM,4:49 PM,7:33 PM,8:42 PM
4/3/2025,3 Ramadan 1446,Selasa,6:11 AM,6:21 AM,7:28 AM,1:33 PM,4:48 PM,7:32 PM,8:42 PM
5/3/2025,4 Ramadan 1446,Rabu,6:11 AM,6:21 AM,7:28 AM,1:32 PM,4:47 PM,7:32 PM,8:42 PM
6/3/2025,5 Ramadan 1446,Khamis,6:11 AM,6:21 AM,7:27 AM,1:32 PM,4:47 PM,7:32 PM,8:41 PM
7/3/2025,6 Ramadan 1446,Jumaat,6:10 AM,6:20 AM,7:27 AM,1:32 PM,4:46 PM,7:32 PM,8:41 PM
8/3/2025,7 Ramadan 1446,Sabtu,6:10 AM,6:20 AM,7:27 AM,1:32 PM,4:46 PM,7:32 PM,8:41 PM
9/3/2025,8 Ramadan 1446,Ahad,6:10 AM,6:20 AM,7:26 AM,1:31 PM,4:45 PM,7:32 PM,8:41 PM
10/3/2025,9 Ramadan 1446,Isnin,6:09 AM,6:19 AM,7:26 AM,1:31 PM,4:44 PM,7:32 PM,8:41 PM
11/3/2025,10 Ramadan 1446,Selasa,6:09 AM,6:19 AM,7:25 AM,1:31 PM,4:44 PM,7:32 PM,8:41 PM
12/3/2025,11 Ramadan 1446,Rabu,6:08 AM,6:18 AM,7:25 AM,1:31 PM,4:43 PM,7:32 PM,8:41 PM
13/3/2025,12 Ramadan 1446,Khamis,6:08 AM,6:18 AM,7:25 AM,1:30 PM,4:42 PM,7:32 PM,8:40 PM
14/3/2025,13 Ramadan 1446,Jumaat,6:08 AM,6:18 AM,7:24 AM,1:30 PM,4:42 PM,7:31 PM,8:40 PM
15/3/2025,14 Ramadan 1446,Sabtu,6:07 AM,6:17 AM,7:24 AM,1:30 PM,4:41 PM,7:31 PM,8:40 PM
16/3/2025,15 Ramadan 1446,Ahad,6:07 AM,6:17 AM,7:23 AM,1:29 PM,4:40 PM,7:31 PM,8:40 PM
17/3/2025,16 Ramadan 1446,Isnin,6:06 AM,6:16 AM,7:23 AM,1:29 PM,4:39 PM,7:31 PM,8:40 PM
18/3/2025,17 Ramadan 1446,Selasa,6:06 AM,6:16 AM,7:22 AM,1:29 PM,4:39 PM,7:31 PM,8:40 PM
19/3/2025,18 Ramadan 1446,Rabu,6:06 AM,6:16 AM,7:22 AM,1:29 PM,4:38 PM,7:31 PM,8:40 PM
20/3/2025,19 Ramadan 1446,Khamis,6:05 AM,6:15 AM,7:22 AM,1:28 PM,4:37 PM,7:31 PM,8:39 PM
21/3/2025,20 Ramadan 1446,Jumaat,6:05 AM,6:15 AM,7:21 AM,1:28 PM,4:36 PM,7:30 PM,8:39 PM
22/3/2025,21 Ramadan 1446,Sabtu,6:04 AM,6:14 AM,7:21 AM,1:28 PM,4:35 PM,7:30 PM,8:39 PM
23/3/2025,22 Ramadan 1446,Ahad,6:04 AM,6:14 AM,7:20 AM,1:27 PM,4:34 PM,7:30 PM,8:39 PM
24/3/2025,23 Ramadan 1446,Isnin,6:03 AM,6:13 AM,7:20 AM,1:27 PM,4:34 PM,7:30 PM,8:39 PM
25/3/2025,24 Ramadan 1446,Selasa,6:03 AM,6:13 AM,7:19 AM,1:27 PM,4:33 PM,7:30 PM,8:39 PM
26/3/2025,25 Ramadan 1446,Rabu,6:02 AM,6:12 AM,7:19 AM,1:27 PM,4:32 PM,7:30 PM,8:39 PM
27/3/2025,26 Ramadan 1446,Khamis,6:02 AM,6:12 AM,7:18 AM,1:26 PM,4:31 PM,7:29 PM,8:39 PM
28/3/2025,27 Ramadan 1446,Jumaat,6:01 AM,6:11 AM,7:18 AM,1:26 PM,4:30 PM,7:29 PM,8:38 PM
29/3/2025,28 Ramadan 1446,Sabtu,6:01 AM,6:11 AM,7:18 AM,1:26 PM,4:29 PM,7:29 PM,8:38 PM
30/3/2025,29 Ramadan 1446,Ahad,6:00 AM,6:10 AM,7:17 AM,1:25 PM,4:28 PM,7:29 PM,8:38 PM
31/3/2025,1 Syawal 1446,Isnin,6:00 AM,6:10 AM,7:17 AM,1:25 PM,4:27 PM,7:29 PM,8:38 PM
1/4/2025,2 Syawal 1446,Selasa,5:59 AM,6:09 AM,7:16 AM,1:25 PM,4:26 PM,7:29 PM,8:38 PM
2/4/2025,3 Syawal 1446,Rabu,5:59 AM,6:09 AM,7:16 AM,1:24 PM,4:25 PM,7:29 PM,8:38 PM
3/4/2025,4 Syawal 1446,Khamis,5:58 AM,6:08 AM,7:15 AM,1:24 PM,4:24 PM,7:28 PM,8:38 PM
4/4/2025,5 Syawal 1446,Jumaat,5:58 AM,6:08 AM,7:15 AM,1:24 PM,4:24 PM,7:28 PM,8:38 PM
5/4/2025,6 Syawal 1446,Sabtu,5:57 AM,6:07 AM,7:14 AM,1:24 PM,4:25 PM,7:28 PM,8:38 PM
6/4/2025,7 Syawal 1446,Ahad,5:57 AM,6:07 AM,7:14 AM,1:23 PM,4:25 PM,7:28 PM,8:38 PM
7/4/2025,8 Syawal 1446,Isnin,5:56 AM,6:06 AM,7:14 AM,1:23 PM,4:26 PM,7:28 PM,8:38 PM
8/4/2025,9 Syawal 1446,Selasa,5:56 AM,6:06 AM,7:13 AM,1:23 PM,4:26 PM,7:28 PM,8:38 PM
9/4/2025,10 Syawal 1446,Rabu,5:56 AM,6:06 AM,7:13 AM,1:22 PM,4:27 PM,7:28 PM,8:37 PM
10/4/2025,11 Syawal 1446,Khamis,5:55 AM,6:05 AM,7:12 AM,1:22 PM,4:27 PM,7:28 PM,8:37 PM
11/4/2025,12 Syawal 1446,Jumaat,5:55 AM,6:05 AM,7:12 AM,1:22 PM,4:28 PM,7:27 PM,8:37 PM
12/4/2025,13 Syawal 1446,Sabtu,5:54 AM,6:04 AM,7:11 AM,1:22 PM,4:28 PM,7:27 PM,8:37 PM
13/4/2025,14 Syawal 1446,Ahad,5:54 AM,6:04 AM,7:11 AM,1:21 PM,4:29 PM,7:27 PM,8:37 PM
14/4/2025,15 Syawal 1446,Isnin,5:53 AM,6:03 AM,7:11 AM,1:21 PM,4:29 PM,7:27 PM,8:37 PM
15/4/2025,16 Syawal 1446,Selasa,5:53 AM,6:03 AM,7:10 AM,1:21 PM,4:29 PM,7:27 PM,8:37 PM
16/4/2025,17 Syawal 1446,Rabu,5:52 AM,6:02 AM,7:10 AM,1:21 PM,4:30 PM,7:27 PM,8:37 PM
17/4/2025,18 Syawal 1446,Khamis,5:52 AM,6:02 AM,7:09 AM,1:20 PM,4:30 PM,7:27 PM,8:37 PM
18/4/2025,19 Syawal 1446,Jumaat,5:51 AM,6:01 AM,7:09 AM,1:20 PM,4:30 PM,7:27 PM,8:37 PM
19/4/2025,20 Syawal 1446,Sabtu,5:51 AM,6:01 AM,7:09 AM,1:20 PM,4:31 PM,7:27 PM,8:37 PM
20/4/2025,21 Syawal 1446,Ahad,5:50 AM,6:00 AM,7:08 AM,1:20 PM,4:31 PM,7:27 PM,8:37 PM
21/4/2025,22 Syawal 1446,Isnin,5:50 AM,6:00 AM,7:08 AM,1:20 PM,4:32 PM,7:26 PM,8:37 PM
22/4/2025,23 Syawal 1446,Selasa,5:49 AM,5:59 AM,7:08 AM,1:19 PM,4:32 PM,7:26 PM,8:37 PM
23/4/2025,24 Syawal 1446,Rabu,5:49 AM,5:59 AM,7:07 AM,1:19 PM,4:32 PM,7:26 PM,8:37 PM
24/4/2025,25 Syawal 1446,Khamis,5:49 AM,5:59 AM,7:07 AM,1:19 PM,4:32 PM,7:26 PM,8:38 PM
25/4/2025,26 Syawal 1446,Jumaat,5:48 AM,5:58 AM,7:07 AM,1:19 PM,4:33 PM,7:26 PM,8:38 PM
26/4/2025,27 Syawal 1446,Sabtu,5:48 AM,5:58 AM,7:06 AM,1:19 PM,4:33 PM,7:26 PM,8:38 PM
27/4/2025,28 Syawal 1446,Ahad,5:47 AM,5:57 AM,7:06 AM,1:18 PM,4:33 PM,7:26 PM,8:38 PM
28/4/2025,29 Syawal 1446,Isnin,5:47 AM,5:57 AM,7:06 AM,1:18 PM,4:34 PM,7:26 PM,8:38 PM
29/4/2025,1 Zulkaedah 1446,Selasa,5:47 AM,5:57 AM,7:06 AM,1:18 PM,4:34 PM,7:26 PM,8:38 PM
30/4/2025,2 Zulkaedah 1446,Rabu,5:46 AM,5:56 AM,7:05 AM,1:18 PM,4:34 PM,7:26 PM,8:38 PM
1/5/2025,3 Zulkaedah 1446,Khamis,5:46 AM,5:56 AM,7:05 AM,1:18 PM,4:35 PM,7:26 PM,8:38 PM
2/5/2025,4 Zulkaedah 1446,Jumaat,5:46 AM,5:56 AM,7:05 AM,1:18 PM,4:35 PM,7:26 PM,8:38 PM
3/5/2025,5 Zulkaedah 1446,Sabtu,5:45 AM,5:55 AM,7:05 AM,1:18 PM,4:35 PM,7:26 PM,8:39 PM
4/5/2025,6 Zulkaedah 1446,Ahad,5:45 AM,5:55 AM,7:04 AM,1:18 PM,4:36 PM,7:26 PM,8:39 PM
5/5/2025,7 Zulkaedah 1446,Isnin,5:45 AM,5:55 AM,7:04 AM,1:18 PM,4:36 PM,7:26 PM,8:39 PM
6/5/2025,8 Zulkaedah 1446,Selasa,5:44 AM,5:54 AM,7:04 AM,1:17 PM,4:36 PM,7:26 PM,8:39 PM
7/5/2025,9 Zulkaedah 1446,Rabu,5:44 AM,5:54 AM,7:04 AM,1:17 PM,4:36 PM,7:26 PM,8:39 PM
8/5/2025,10 Zulkaedah 1446,Khamis,5:44 AM,5:54 AM,7:04 AM,1:17 PM,4:37 PM,7:27 PM,8:39 PM
9/5/2025,11 Zulkaedah 1446,Jumaat,5:43 AM,5:53 AM,7:03 AM,1:17 PM,4:37 PM,7:27 PM,8:40 PM
10/5/2025,12 Zulkaedah 1446,Sabtu,5:43 AM,5:53 AM,7:03 AM,1:17 PM,4:37 PM,7:27 PM,8:40 PM
11/5/2025,13 Zulkaedah 1446,Ahad,5:43 AM,5:53 AM,7:03 AM,1:17 PM,4:38 PM,7:27 PM,8:40 PM
12/5/2025,14 Zulkaedah 1446,Isnin,5:43 AM,5:53 AM,7:03 AM,1:17 PM,4:38 PM,7:27 PM,8:40 PM
13/5/2025,15 Zulkaedah 1446,Selasa,5:42 AM,5:52 AM,7:03 AM,1:17 PM,4:38 PM,7:27 PM,8:40 PM
14/5/2025,16 Zulkaedah 1446,Rabu,5:42 AM,5:52 AM,7:03 AM,1:17 PM,4:38 PM,7:27 PM,8:41 PM
15/5/2025,17 Zulkaedah 1446,Khamis,5:42 AM,5:52 AM,7:03 AM,1:17 PM,4:39 PM,7:27 PM,8:41 PM
16/5/2025,18 Zulkaedah 1446,Jumaat,5:42 AM,5:52 AM,7:02 AM,1:17 PM,4:39 PM,7:27 PM,8:41 PM
17/5/2025,19 Zulkaedah 1446,Sabtu,5:41 AM,5:51 AM,7:02 AM,1:17 PM,4:39 PM,7:27 PM,8:41 PM
18/5/2025,20 Zulkaedah 1446,Ahad,5:41 AM,5:51 AM,7:02 AM,1:17 PM,4:40 PM,7:28 PM,8:42 PM
19/5/2025,21 Zulkaedah 1446,Isnin,5:41 AM,5:51 AM,7:02 AM,1:17 PM,4:40 PM,7:28 PM,8:42 PM
20/5/2025,22 Zulkaedah 1446,Selasa,5:41 AM,5:51 AM,7:02 AM,1:17 PM,4:40 PM,7:28 PM,8:42 PM
21/5/2025,23 Zulkaedah 1446,Rabu,5:41 AM,5:51 AM,7:02 AM,1:17 PM,4:40 PM,7:28 PM,8:42 PM
22/5/2025,24 Zulkaedah 1446,Khamis,5:41 AM,5:51 AM,7:02 AM,1:18 PM,4:41 PM,7:28 PM,8:43 PM
23/5/2025,25 Zulkaedah 1446,Jumaat,5:41 AM,5:51 AM,7:02 AM,1:18 PM,4:41 PM,7:28 PM,8:43 PM
24/5/2025,26 Zulkaedah 1446,Sabtu,5:40 AM,5:50 AM,7:02 AM,1:18 PM,4:41 PM,7:29 PM,8:43 PM
25/5/2025,27 Zulkaedah 1446,Ahad,5:40 AM,5:50 AM,7:02 AM,1:18 PM,4:42 PM,7:29 PM,8:43 PM
26/5/2025,28 Zulkaedah 1446,Isnin,5:40 AM,5:50 AM,7:02 AM,1:18 PM,4:42 PM,7:29 PM,8:44 PM
27/5/2025,29 Zulkaedah 1446,Selasa,5:40 AM,5:50 AM,7:02 AM,1:18 PM,4:42 PM,7:29 PM,8:44 PM
28/5/2025,30 Zulkaedah 1446,Rabu,5:40 AM,5:50 AM,7:02 AM,1:18 PM,4:42 PM,7:29 PM,8:44 PM
29/5/2025,1 Zulhijjah 1446,Khamis,5:40 AM,5:50 AM,7:02 AM,1:18 PM,4:43 PM,7:30 PM,8:45 PM
30/5/2025,2 Zulhijjah 1446,Jumaat,5:40 AM,5:50 AM,7:02 AM,1:18 PM,4:43 PM,7:30 PM,8:45 PM
31/5/2025,3 Zulhijjah 1446,Sabtu,5:40 AM,5:50 AM,7:02 AM,1:19 PM,4:43 PM,7:30 PM,8:45 PM
1/6/2025,4 Zulhijjah 1446,Ahad,5:40 AM,5:50 AM,7:03 AM,1:19 PM,4:44 PM,7:30 PM,8:46 PM
2/6/2025,5 Zulhijjah 1446,Isnin,5:40 AM,5:50 AM,7:03 AM,1:19 PM,4:44 PM,7:30 PM,8:46 PM
3/6/2025,6 Zulhijjah 1446,Selasa,5:40 AM,5:50 AM,7:03 AM,1:19 PM,4:44 PM,7:31 PM,8:46 PM
4/6/2025,7 Zulhijjah 1446,Rabu,5:40 AM,5:50 AM,7:03 AM,1:19 PM,4:44 PM,7:31 PM,8:46 PM
5/6/2025,8 Zulhijjah 1446,Khamis,5:40 AM,5:50 AM,7:03 AM,1:19 PM,4:45 PM,7:31 PM,8:47 PM
6/6/2025,9 Zulhijjah 1446,Jumaat,5:40 AM,5:50 AM,7:03 AM,1:20 PM,4:45 PM,7:31 PM,8:47 PM
7/6/2025,10 Zulhijjah 1446,Sabtu,5:40 AM,5:50 AM,7:03 AM,1:20 PM,4:45 PM,7:32 PM,8:47 PM
8/6/2025,11 Zulhijjah 1446,Ahad,5:41 AM,5:51 AM,7:03 AM,1:20 PM,4:46 PM,7:32 PM,8:48 PM
9/6/2025,12 Zulhijjah 1446,Isnin,5:41 AM,5:51 AM,7:04 AM,1:20 PM,4:46 PM,7:32 PM,8:48 PM
10/6/2025,13 Zulhijjah 1446,Selasa,5:41 AM,5:51 AM,7:04 AM,1:20 PM,4:46 PM,7:32 PM,8:48 PM
11/6/2025,14 Zulhijjah 1446,Rabu,5:41 AM,5:51 AM,7:04 AM,1:21 PM,4:46 PM,7:32 PM,8:48 PM
12/6/2025,15 Zulhijjah 1446,Khamis,5:41 AM,5:51 AM,7:04 AM,1:21 PM,4:47 PM,7:33 PM,8:49 PM
13/6/2025,16 Zulhijjah 1446,Jumaat,5:41 AM,5:51 AM,7:04 AM,1:21 PM,4:47 PM,7:33 PM,8:49 PM
14/6/2025,17 Zulhijjah 1446,Sabtu,5:41 AM,5:51 AM,7:04 AM,1:21 PM,4:47 PM,7:33 PM,8:49 PM
15/6/2025,18 Zulhijjah 1446,Ahad,5:41 AM,5:51 AM,7:05 AM,1:21 PM,4:47 PM,7:33 PM,8:50 PM
16/6/2025,19 Zulhijjah 1446,Isnin,5:42 AM,5:52 AM,7:05 AM,1:22 PM,4:48 PM,7:34 PM,8:50 PM
17/6/2025,20 Zulhijjah 1446,Selasa,5:42 AM,5:52 AM,7:05 AM,1:22 PM,4:48 PM,7:34 PM,8:50 PM
18/6/2025,21 Zulhijjah 1446,Rabu,5:42 AM,5:52 AM,7:05 AM,1:22 PM,4:48 PM,7:34 PM,8:50 PM
19/6/2025,22 Zulhijjah 1446,Khamis,5:42 AM,5:52 AM,7:05 AM,1:22 PM,4:48 PM,7:34 PM,8:50 PM
20/6/2025,23 Zulhijjah 1446,Jumaat,5:42 AM,5:52 AM,7:06 AM,1:22 PM,4:49 PM,7:35 PM,8:51 PM
21/6/2025,24 Zulhijjah 1446,Sabtu,5:43 AM,5:53 AM,7:06 AM,1:23 PM,4:49 PM,7:35 PM,8:51 PM
22/6/2025,25 Zulhijjah 1446,Ahad,5:43 AM,5:53 AM,7:06 AM,1:23 PM,4:49 PM,7:35 PM,8:51 PM
23/6/2025,26 Zulhijjah 1446,Isnin,5:43 AM,5:53 AM,7:06 AM,1:23 PM,4:49 PM,7:35 PM,8:51 PM
24/6/2025,27 Zulhijjah 1446,Selasa,5:43 AM,5:53 AM,7:07 AM,1:23 PM,4:49 PM,7:35 PM,8:52 PM
25/6/2025,28 Zulhijjah 1446,Rabu,5:44 AM,5:54 AM,7:07 AM,1:24 PM,4:50 PM,7:36 PM,8:52 PM
26/6/2025,29 Zulhijjah 1446,Khamis,5:44 AM,5:54 AM,7:07 AM,1:24 PM,4:50 PM,7:36 PM,8:52 PM
27/6/2025,1 Muharram 1447,Jumaat,5:44 AM,5:54 AM,7:07 AM,1:24 PM,4:50 PM,7:36 PM,8:52 PM
28/6/2025,2 Muharram 1447,Sabtu,5:44 AM,5:54 AM,7:07 AM,1:24 PM,4:50 PM,7:36 PM,8:52 PM
29/6/2025,3 Muharram 1447,Ahad,5:45 AM,5:55 AM,7:08 AM,1:24 PM,4:50 PM,7:36 PM,8:52 PM
30/6/2025,4 Muharram 1447,Isnin,5:45 AM,5:55 AM,7:08 AM,1:25 PM,4:51 PM,7:37 PM,8:52 PM
1/7/2025,5 Muharram 1447,Selasa,5:45 AM,5:55 AM,7:08 AM,1:25 PM,4:51 PM,7:37 PM,8:53 PM
2/7/2025,6 Muharram 1447,Rabu,5:45 AM,5:55 AM,7:08 AM,1:25 PM,4:51 PM,7:37 PM,8:53 PM
3/7/2025,7 Muharram 1447,Khamis,5:46 AM,5:56 AM,7:09 AM,1:25 PM,4:51 PM,7:37 PM,8:53 PM
4/7/2025,8 Muharram 1447,Jumaat,5:46 AM,5:56 AM,7:09 AM,1:25 PM,4:51 PM,7:37 PM,8:53 PM
5/7/2025,9 Muharram 1447,Sabtu,5:46 AM,5:56 AM,7:09 AM,1:25 PM,4:51 PM,7:37 PM,8:53 PM
6/7/2025,10 Muharram 1447,Ahad,5:46 AM,5:56 AM,7:09 AM,1:26 PM,4:51 PM,7:37 PM,8:53 PM
7/7/2025,11 Muharram 1447,Isnin,5:47 AM,5:57 AM,7:09 AM,1:26 PM,4:51 PM,7:37 PM,8:53 PM
8/7/2025,12 Muharram 1447,Selasa,5:47 AM,5:57 AM,7:10 AM,1:26 PM,4:51 PM,7:38 PM,8:53 PM
9/7/2025,13 Muharram 1447,Rabu,5:47 AM,5:57 AM,7:10 AM,1:26 PM,4:51 PM,7:38 PM,8:53 PM
10/7/2025,14 Muharram 1447,Khamis,5:48 AM,5:58 AM,7:10 AM,1:26 PM,4:51 PM,7:38 PM,8:53 PM
11/7/2025,15 Muharram 1447,Jumaat,5:48 AM,5:58 AM,7:10 AM,1:26 PM,4:51 PM,7:38 PM,8:53 PM
12/7/2025,16 Muharram 1447,Sabtu,5:48 AM,5:58 AM,7:10 AM,1:27 PM,4:51 PM,7:38 PM,8:53 PM
13/7/2025,17 Muharram 1447,Ahad,5:48 AM,5:58 AM,7:11 AM,1:27 PM,4:51 PM,7:38 PM,8:53 PM
14/7/2025,18 Muharram 1447,Isnin,5:49 AM,5:59 AM,7:11 AM,1:27 PM,4:51 PM,7:38 PM,8:53 PM
15/7/2025,19 Muharram 1447,Selasa,5:49 AM,5:59 AM,7:11 AM,1:27 PM,4:51 PM,7:38 PM,8:53 PM
16/7/2025,20 Muharram 1447,Rabu,5:49 AM,5:59 AM,7:11 AM,1:27 PM,4:51 PM,7:38 PM,8:53 PM
17/7/2025,21 Muharram 1447,Khamis,5:49 AM,5:59 AM,7:11 AM,1:27 PM,4:51 PM,7:38 PM,8:53 PM
18/7/2025,22 Muharram 1447,Jumaat,5:50 AM,6:00 AM,7:12 AM,1:27 PM,4:51 PM,7:38 PM,8:53 PM
19/7/2025,23 Muharram 1447,Sabtu,5:50 AM,6:00 AM,7:12 AM,1:27 PM,4:51 PM,7:38 PM,8:53 PM
20/7/2025,24 Muharram 1447,Ahad,5:50 AM,6:00 AM,7:12 AM,1:27 PM,4:51 PM,7:38 PM,8:52 PM
21/7/2025,25 Muharram 1447,Isnin,5:50 AM,6:00 AM,7:12 AM,1:27 PM,4:51 PM,7:38 PM,8:52 PM
22/7/2025,26 Muharram 1447,Selasa,5:51 AM,6:01 AM,7:12 AM,1:27 PM,4:50 PM,7:38 PM,8:52 PM
23/7/2025,27 Muharram 1447,Rabu,5:51 AM,6:01 AM,7:12 AM,1:27 PM,4:50 PM,7:38 PM,8:52 PM
24/7/2025,28 Muharram 1447,Khamis,5:51 AM,6:01 AM,7:12 AM,1:27 PM,4:50 PM,7:38 PM,8:52 PM
25/7/2025,29 Muharram 1447,Jumaat,5:51 AM,6:01 AM,7:12 AM,1:27 PM,4:50 PM,7:38 PM,8:52 PM
26/7/2025,1 Safar 1447,Sabtu,5:52 AM,6:02 AM,7:13 AM,1:27 PM,4:50 PM,7:38 PM,8:51 PM
27/7/2025,2 Safar 1447,Ahad,5:52 AM,6:02 AM,7:13 AM,1:27 PM,4:49 PM,7:37 PM,8:51 PM
28/7/2025,3 Safar 1447,Isnin,5:52 AM,6:02 AM,7:13 AM,1:27 PM,4:49 PM,7:37 PM,8:51 PM
29/7/2025,4 Safar 1447,Selasa,5:52 AM,6:02 AM,7:13 AM,1:27 PM,4:49 PM,7:37 PM,8:51 PM
30/7/2025,5 Safar 1447,Rabu,5:52 AM,6:02 AM,7:13 AM,1:27 PM,4:48 PM,7:37 PM,8:50 PM
31/7/2025,6 Safar 1447,Khamis,5:52 AM,6:02 AM,7:13 AM,1:27 PM,4:48 PM,7:37 PM,8:50 PM
1/8/2025,7 Safar 1447,Jumaat,5:53 AM,6:03 AM,7:13 AM,1:27 PM,4:48 PM,7:37 PM,8:50 PM
2/8/2025,8 Safar 1447,Sabtu,5:53 AM,6:03 AM,7:13 AM,1:27 PM,4:47 PM,7:37 PM,8:49 PM
3/8/2025,9 Safar 1447,Ahad,5:53 AM,6:03 AM,7:13 AM,1:27 PM,4:47 PM,7:36 PM,8:49 PM
4/8/2025,10 Safar 1447,Isnin,5:53 AM,6:03 AM,7:13 AM,1:27 PM,4:47 PM,7:36 PM,8:49 PM
5/8/2025,11 Safar 1447,Selasa,5:53 AM,6:03 AM,7:13 AM,1:27 PM,4:46 PM,7:36 PM,8:49 PM
6/8/2025,12 Safar 1447,Rabu,5:53 AM,6:03 AM,7:13 AM,1:27 PM,4:46 PM,7:36 PM,8:48 PM
7/8/2025,13 Safar 1447,Khamis,5:53 AM,6:03 AM,7:13 AM,1:27 PM,4:45 PM,7:35 PM,8:48 PM
8/8/2025,14 Safar 1447,Jumaat,5:54 AM,6:04 AM,7:13 AM,1:27 PM,4:45 PM,7:35 PM,8:47 PM
9/8/2025,15 Safar 1447,Sabtu,5:54 AM,6:04 AM,7:13 AM,1:26 PM,4:44 PM,7:35 PM,8:47 PM
10/8/2025,16 Safar 1447,Ahad,5:54 AM,6:04 AM,7:13 AM,1:26 PM,4:44 PM,7:35 PM,8:47 PM
11/8/2025,17 Safar 1447,Isnin,5:54 AM,6:04 AM,7:13 AM,1:26 PM,4:43 PM,7:34 PM,8:46 PM
12/8/2025,18 Safar 1447,Selasa,5:54 AM,6:04 AM,7:13 AM,1:26 PM,4:43 PM,7:34 PM,8:46 PM
13/8/2025,19 Safar 1447,Rabu,5:54 AM,6:04 AM,7:13 AM,1:26 PM,4:42 PM,7:34 PM,8:45 PM
14/8/2025,20 Safar 1447,Khamis,5:54 AM,6:04 AM,7:13 AM,1:26 PM,4:41 PM,7:33 PM,8:45 PM
15/8/2025,21 Safar 1447,Jumaat,5:54 AM,6:04 AM,7:13 AM,1:25 PM,4:41 PM,7:33 PM,8:45 PM
16/8/2025,22 Safar 1447,Sabtu,5:54 AM,6:04 AM,7:13 AM,1:25 PM,4:40 PM,7:33 PM,8:44 PM
17/8/2025,23 Safar 1447,Ahad,5:54 AM,6:04 AM,7:13 AM,1:25 PM,4:39 PM,7:32 PM,8:44 PM
18/8/2025,24 Safar 1447,Isnin,5:54 AM,6:04 AM,7:13 AM,1:25 PM,4:39 PM,7:32 PM,8:43 PM
19/8/2025,25 Safar 1447,Selasa,5:54 AM,6:04 AM,7:13 AM,1:25 PM,4:38 PM,7:32 PM,8:43 PM
20/8/2025,26 Safar 1447,Rabu,5:54 AM,6:04 AM,7:13 AM,1:24 PM,4:37 PM,7:31 PM,8:42 PM
21/8/2025,27 Safar 1447,Khamis,5:54 AM,6:04 AM,7:12 AM,1:24 PM,4:36 PM,7:31 PM,8:42 PM
22/8/2025,28 Safar 1447,Jumaat,5:54 AM,6:04 AM,7:12 AM,1:24 PM,4:36 PM,7:31 PM,8:41 PM
23/8/2025,29 Safar 1447,Sabtu,5:54 AM,6:04 AM,7:12 AM,1:24 PM,4:35 PM,7:30 PM,8:41 PM
24/8/2025,30 Safar 1447,Ahad,5:54 AM,6:04 AM,7:12 AM,1:23 PM,4:34 PM,7:30 PM,8:40 PM
25/8/2025,1 Rabiulawal 1447,Isnin,5:54 AM,6:04 AM,7:12 AM,1:23 PM,4:33 PM,7:29 PM,8:40 PM
26/8/2025,2 Rabiulawal 1447,Selasa,5:54 AM,6:04 AM,7:12 AM,1:23 PM,4:32 PM,7:29 PM,8:39 PM
27/8/2025,3 Rabiulawal 1447,Rabu,5:54 AM,6:04 AM,7:12 AM,1:22 PM,4:31 PM,7:28 PM,8:39 PM
28/8/2025,4 Rabiulawal 1447,Khamis,5:54 AM,6:04 AM,7:12 AM,1:22 PM,4:30 PM,7:28 PM,8:38 PM
29/8/2025,5 Rabiulawal 1447,Jumaat,5:54 AM,6:04 AM,7:11 AM,1:22 PM,4:30 PM,7:28 PM,8:38 PM
30/8/2025,6 Rabiulawal 1447,Sabtu,5:54 AM,6:04 AM,7:11 AM,1:22 PM,4:29 PM,7:27 PM,8:37 PM
31/8/2025,7 Rabiulawal 1447,Ahad,5:54 AM,6:04 AM,7:11 AM,1:21 PM,4:28 PM,7:27 PM,8:37 PM
1/9/2025,8 Rabiulawal 1447,Isnin,5:54 AM,6:04 AM,7:11 AM,1:21 PM,4:27 PM,7:26 PM,8:36 PM
2/9/2025,9 Rabiulawal 1447,Selasa,5:53 AM,6:03 AM,7:11 AM,1:21 PM,4:26 PM,7:26 PM,8:36 PM
3/9/2025,10 Rabiulawal 1447,Rabu,5:53 AM,6:03 AM,7:11 AM,1:20 PM,4:25 PM,7:25 PM,8:35 PM
4/9/2025,11 Rabiulawal 1447,Khamis,5:53 AM,6:03 AM,7:10 AM,1:20 PM,4:23 PM,7:25 PM,8:34 PM
5/9/2025,12 Rabiulawal 1447,Jumaat,5:53 AM,6:03 AM,7:10 AM,1:20 PM,4:22 PM,7:24 PM,8:34 PM
6/9/2025,13 Rabiulawal 1447,Sabtu,5:53 AM,6:03 AM,7:10 AM,1:19 PM,4:21 PM,7:24 PM,8:33 PM
7/9/2025,14 Rabiulawal 1447,Ahad,5:53 AM,6:03 AM,7:10 AM,1:19 PM,4:20 PM,7:23 PM,8:33 PM
8/9/2025,15 Rabiulawal 1447,Isnin,5:53 AM,6:03 AM,7:10 AM,1:19 PM,4:19 PM,7:23 PM,8:32 PM
9/9/2025,16 Rabiulawal 1447,Selasa,5:53 AM,6:03 AM,7:09 AM,1:18 PM,4:18 PM,7:22 PM,8:32 PM
10/9/2025,17 Rabiulawal 1447,Rabu,5:52 AM,6:02 AM,7:09 AM,1:18 PM,4:19 PM,7:22 PM,8:31 PM
11/9/2025,18 Rabiulawal 1447,Khamis,5:52 AM,6:02 AM,7:09 AM,1:18 PM,4:19 PM,7:21 PM,8:31 PM
12/9/2025,19 Rabiulawal 1447,Jumaat,5:52 AM,6:02 AM,7:09 AM,1:17 PM,4:19 PM,7:21 PM,8:30 PM
13/9/2025,20 Rabiulawal 1447,Sabtu,5:52 AM,6:02 AM,7:09 AM,1:17 PM,4:19 PM,7:20 PM,8:30 PM
14/9/2025,21 Rabiulawal 1447,Ahad,5:52 AM,6:02 AM,7:08 AM,1:16 PM,4:20 PM,7:20 PM,8:29 PM
15/9/2025,22 Rabiulawal 1447,Isnin,5:52 AM,6:02 AM,7:08 AM,1:16 PM,4:20 PM,7:19 PM,8:28 PM
16/9/2025,23 Rabiulawal 1447,Selasa,5:51 AM,6:01 AM,7:08 AM,1:16 PM,4:20 PM,7:19 PM,8:28 PM
17/9/2025,24 Rabiulawal 1447,Rabu,5:51 AM,6:01 AM,7:08 AM,1:15 PM,4:21 PM,7:18 PM,8:27 PM
18/9/2025,25 Rabiulawal 1447,Khamis,5:51 AM,6:01 AM,7:08 AM,1:15 PM,4:21 PM,7:18 PM,8:27 PM
19/9/2025,26 Rabiulawal 1447,Jumaat,5:51 AM,6:01 AM,7:07 AM,1:15 PM,4:21 PM,7:17 PM,8:26 PM
20/9/2025,27 Rabiulawal 1447,Sabtu,5:51 AM,6:01 AM,7:07 AM,1:14 PM,4:21 PM,7:17 PM,8:26 PM
21/9/2025,28 Rabiulawal 1447,Ahad,5:50 AM,6:00 AM,7:07 AM,1:14 PM,4:21 PM,7:16 PM,8:25 PM
22/9/2025,29 Rabiulawal 1447,Isnin,5:50 AM,6:00 AM,7:07 AM,1:14 PM,4:22 PM,7:16 PM,8:25 PM
23/9/2025,1 Rabiulakhir 1447,Selasa,5:50 AM,6:00 AM,7:06 AM,1:13 PM,4:22 PM,7:15 PM,8:24 PM
24/9/2025,2 Rabiulakhir 1447,Rabu,5:50 AM,6:00 AM,7:06 AM,1:13 PM,4:22 PM,7:15 PM,8:24 PM
25/9/2025,3 Rabiulakhir 1447,Khamis,5:50 AM,6:00 AM,7:06 AM,1:13 PM,4:22 PM,7:14 PM,8:23 PM
26/9/2025,4 Rabiulakhir 1447,Jumaat,5:49 AM,5:59 AM,7:06 AM,1:12 PM,4:22 PM,7:14 PM,8:23 PM
27/9/2025,5 Rabiulakhir 1447,Sabtu,5:49 AM,5:59 AM,7:06 AM,1:12 PM,4:22 PM,7:13 PM,8:22 PM
28/9/2025,6 Rabiulakhir 1447,Ahad,5:49 AM,5:59 AM,7:05 AM,1:12 PM,4:22 PM,7:13 PM,8:22 PM
29/9/2025,7 Rabiulakhir 1447,Isnin,5:49 AM,5:59 AM,7:05 AM,1:11 PM,4:22 PM,7:12 PM,8:21 PM
30/9/2025,8 Rabiulakhir 1447,Selasa,5:49 AM,5:59 AM,7:05 AM,1:11 PM,4:23 PM,7:12 PM,8:21 PM
1/10/2025,9 Rabiulakhir 1447,Rabu,5:48 AM,5:58 AM,7:05 AM,1:11 PM,4:23 PM,7:11 PM,8:20 PM
2/10/2025,10 Rabiulakhir 1447,Khamis,5:48 AM,5:58 AM,7:05 AM,1:10 PM,4:23 PM,7:11 PM,8:20 PM
3/10/2025,11 Rabiulakhir 1447,Jumaat,5:48 AM,5:58 AM,7:05 AM,1:10 PM,4:23 PM,7:11 PM,8:20 PM
4/10/2025,12 Rabiulakhir 1447,Sabtu,5:48 AM,5:58 AM,7:04 AM,1:10 PM,4:23 PM,7:10 PM,8:19 PM
5/10/2025,13 Rabiulakhir 1447,Ahad,5:48 AM,5:58 AM,7:04 AM,1:09 PM,4:23 PM,7:10 PM,8:19 PM
6/10/2025,14 Rabiulakhir 1447,Isnin,5:47 AM,5:57 AM,7:04 AM,1:09 PM,4:23 PM,7:09 PM,8:18 PM
7/10/2025,15 Rabiulakhir 1447,Selasa,5:47 AM,5:57 AM,7:04 AM,1:09 PM,4:23 PM,7:09 PM,8:18 PM
8/10/2025,16 Rabiulakhir 1447,Rabu,5:47 AM,5:57 AM,7:04 AM,1:08 PM,4:23 PM,7:08 PM,8:18 PM
9/10/2025,17 Rabiulakhir 1447,Khamis,5:47 AM,5:57 AM,7:04 AM,1:08 PM,4:23 PM,7:08 PM,8:17 PM
10/10/2025,18 Rabiulakhir 1447,Jumaat,5:47 AM,5:57 AM,7:03 AM,1:08 PM,4:23 PM,7:08 PM,8:17 PM
11/10/2025,19 Rabiulakhir 1447,Sabtu,5:47 AM,5:57 AM,7:03 AM,1:08 PM,4:23 PM,7:07 PM,8:17 PM
12/10/2025,20 Rabiulakhir 1447,Ahad,5:46 AM,5:56 AM,7:03 AM,1:07 PM,4:23 PM,7:07 PM,8:16 PM
13/10/2025,21 Rabiulakhir 1447,Isnin,5:46 AM,5:56 AM,7:03 AM,1:07 PM,4:23 PM,7:06 PM,8:16 PM
14/10/2025,22 Rabiulakhir 1447,Selasa,5:46 AM,5:56 AM,7:03 AM,1:07 PM,4:23 PM,7:06 PM,8:16 PM
15/10/2025,23 Rabiulakhir 1447,Rabu,5:46 AM,5:56 AM,7:03 AM,1:07 PM,4:23 PM,7:06 PM,8:15 PM
16/10/2025,24 Rabiulakhir 1447,Khamis,5:46 AM,5:56 AM,7:03 AM,1:06 PM,4:24 PM,7:05 PM,8:15 PM
17/10/2025,25 Rabiulakhir 1447,Jumaat,5:46 AM,5:56 AM,7:03 AM,1:06 PM,4:24 PM,7:05 PM,8:15 PM
18/10/2025,26 Rabiulakhir 1447,Sabtu,5:46 AM,5:56 AM,7:03 AM,1:06 PM,4:24 PM,7:05 PM,8:14 PM
19/10/2025,27 Rabiulakhir 1447,Ahad,5:45 AM,5:55 AM,7:03 AM,1:06 PM,4:24 PM,7:04 PM,8:14 PM
20/10/2025,28 Rabiulakhir 1447,Isnin,5:45 AM,5:55 AM,7:03 AM,1:06 PM,4:24 PM,7:04 PM,8:14 PM
21/10/2025,29 Rabiulakhir 1447,Selasa,5:45 AM,5:55 AM,7:02 AM,1:05 PM,4:24 PM,7:04 PM,8:14 PM
22/10/2025,30 Rabiulakhir 1447,Rabu,5:45 AM,5:55 AM,7:02 AM,1:05 PM,4:24 PM,7:03 PM,8:14 PM
23/10/2025,1 Jamadilawal 1447,Khamis,5:45 AM,5:55 AM,7:02 AM,1:05 PM,4:24 PM,7:03 PM,8:13 PM
24/10/2025,2 Jamadilawal 1447,Jumaat,5:45 AM,5:55 AM,7:02 AM,1:05 PM,4:24 PM,7:03 PM,8:13 PM
25/10/2025,3 Jamadilawal 1447,Sabtu,5:45 AM,5:55 AM,7:02 AM,1:05 PM,4:24 PM,7:03 PM,8:13 PM
26/10/2025,4 Jamadilawal 1447,Ahad,5:45 AM,5:55 AM,7:02 AM,1:05 PM,4:24 PM,7:02 PM,8:13 PM
27/10/2025,5 Jamadilawal 1447,Isnin,5:45 AM,5:55 AM,7:02 AM,1:05 PM,4:24 PM,7:02 PM,8:13 PM
28/10/2025,6 Jamadilawal 1447,Selasa,5:45 AM,5:55 AM,7:03 AM,1:05 PM,4:24 PM,7:02 PM,8:13 PM
29/10/2025,7 Jamadilawal 1447,Rabu,5:45 AM,5:55 AM,7:03 AM,1:05 PM,4:24 PM,7:02 PM,8:13 PM
30/10/2025,8 Jamadilawal 1447,Khamis,5:45 AM,5:55 AM,7:03 AM,1:05 PM,4:24 PM,7:02 PM,8:12 PM
31/10/2025,9 Jamadilawal 1447,Jumaat,5:45 AM,5:55 AM,7:03 AM,1:04 PM,4:24 PM,7:01 PM,8:12 PM
1/11/2025,10 Jamadilawal 1447,Sabtu,5:45 AM,5:55 AM,7:03 AM,1:04 PM,4:24 PM,7:01 PM,8:12 PM
2/11/2025,11 Jamadilawal 1447,Ahad,5:45 AM,5:55 AM,7:03 AM,1:04 PM,4:25 PM,7:01 PM,8:12 PM
3/11/2025,12 Jamadilawal 1447,Isnin,5:45 AM,5:55 AM,7:03 AM,1:04 PM,4:25 PM,7:01 PM,8:12 PM
4/11/2025,13 Jamadilawal 1447,Selasa,5:45 AM,5:55 AM,7:03 AM,1:04 PM,4:25 PM,7:01 PM,8:12 PM
5/11/2025,14 Jamadilawal 1447,Rabu,5:45 AM,5:55 AM,7:03 AM,1:04 PM,4:25 PM,7:01 PM,8:12 PM
6/11/2025,15 Jamadilawal 1447,Khamis,5:45 AM,5:55 AM,7:03 AM,1:04 PM,4:25 PM,7:01 PM,8:12 PM
7/11/2025,16 Jamadilawal 1447,Jumaat,5:45 AM,5:55 AM,7:04 AM,1:05 PM,4:25 PM,7:01 PM,8:12 PM
8/11/2025,17 Jamadilawal 1447,Sabtu,5:45 AM,5:55 AM,7:04 AM,1:05 PM,4:25 PM,7:01 PM,8:12 PM
9/11/2025,18 Jamadilawal 1447,Ahad,5:45 AM,5:55 AM,7:04 AM,1:05 PM,4:25 PM,7:01 PM,8:13 PM
10/11/2025,19 Jamadilawal 1447,Isnin,5:45 AM,5:55 AM,7:04 AM,1:05 PM,4:26 PM,7:01 PM,8:13 PM
11/11/2025,20 Jamadilawal 1447,Selasa,5:45 AM,5:55 AM,7:04 AM,1:05 PM,4:26 PM,7:01 PM,8:13 PM
12/11/2025,21 Jamadilawal 1447,Rabu,5:45 AM,5:55 AM,7:04 AM,1:05 PM,4:26 PM,7:01 PM,8:13 PM
13/11/2025,22 Jamadilawal 1447,Khamis,5:45 AM,5:55 AM,7:05 AM,1:05 PM,4:26 PM,7:01 PM,8:13 PM
14/11/2025,23 Jamadilawal 1447,Jumaat,5:45 AM,5:55 AM,7:05 AM,1:05 PM,4:26 PM,7:01 PM,8:13 PM
15/11/2025,24 Jamadilawal 1447,Sabtu,5:46 AM,5:56 AM,7:05 AM,1:05 PM,4:27 PM,7:01 PM,8:13 PM
16/11/2025,25 Jamadilawal 1447,Ahad,5:46 AM,5:56 AM,7:05 AM,1:06 PM,4:27 PM,7:01 PM,8:14 PM
17/11/2025,26 Jamadilawal 1447,Isnin,5:46 AM,5:56 AM,7:06 AM,1:06 PM,4:27 PM,7:01 PM,8:14 PM
18/11/2025,27 Jamadilawal 1447,Selasa,5:46 AM,5:56 AM,7:06 AM,1:06 PM,4:27 PM,7:01 PM,8:14 PM
19/11/2025,28 Jamadilawal 1447,Rabu,5:46 AM,5:56 AM,7:06 AM,1:06 PM,4:28 PM,7:01 PM,8:14 PM
20/11/2025,29 Jamadilawal 1447,Khamis,5:47 AM,5:57 AM,7:07 AM,1:06 PM,4:28 PM,7:01 PM,8:14 PM
21/11/2025,30 Jamadilawal 1447,Jumaat,5:47 AM,5:57 AM,7:07 AM,1:07 PM,4:28 PM,7:02 PM,8:15 PM
22/11/2025,1 Jamadilakhir 1447,Sabtu,5:47 AM,5:57 AM,7:07 AM,1:07 PM,4:28 PM,7:02 PM,8:15 PM
23/11/2025,2 Jamadilakhir 1447,Ahad,5:47 AM,5:57 AM,7:08 AM,1:07 PM,4:29 PM,7:02 PM,8:15 PM
24/11/2025,3 Jamadilakhir 1447,Isnin,5:48 AM,5:58 AM,7:08 AM,1:08 PM,4:29 PM,7:02 PM,8:16 PM
25/11/2025,4 Jamadilakhir 1447,Selasa,5:48 AM,5:58 AM,7:08 AM,1:08 PM,4:29 PM,7:02 PM,8:16 PM
26/11/2025,5 Jamadilakhir 1447,Rabu,5:48 AM,5:58 AM,7:09 AM,1:08 PM,4:30 PM,7:03 PM,8:16 PM
27/11/2025,6 Jamadilakhir 1447,Khamis,5:48 AM,5:58 AM,7:09 AM,1:08 PM,4:30 PM,7:03 PM,8:17 PM
28/11/2025,7 Jamadilakhir 1447,Jumaat,5:49 AM,5:59 AM,7:10 AM,1:09 PM,4:30 PM,7:03 PM,8:17 PM
29/11/2025,8 Jamadilakhir 1447,Sabtu,5:49 AM,5:59 AM,7:10 AM,1:09 PM,4:31 PM,7:03 PM,8:17 PM
30/11/2025,9 Jamadilakhir 1447,Ahad,5:49 AM,5:59 AM,7:10 AM,1:09 PM,4:31 PM,7:04 PM,8:18 PM
1/12/2025,10 Jamadilakhir 1447,Isnin,5:50 AM,6:00 AM,7:11 AM,1:10 PM,4:31 PM,7:04 PM,8:18 PM
2/12/2025,11 Jamadilakhir 1447,Selasa,5:50 AM,6:00 AM,7:11 AM,1:10 PM,4:32 PM,7:04 PM,8:18 PM
3/12/2025,12 Jamadilakhir 1447,Rabu,5:51 AM,6:01 AM,7:12 AM,1:11 PM,4:32 PM,7:05 PM,8:19 PM
4/12/2025,13 Jamadilakhir 1447,Khamis,5:51 AM,6:01 AM,7:12 AM,1:11 PM,4:33 PM,7:05 PM,8:19 PM
5/12/2025,14 Jamadilakhir 1447,Jumaat,5:51 AM,6:01 AM,7:13 AM,1:11 PM,4:33 PM,7:05 PM,8:20 PM
6/12/2025,15 Jamadilakhir 1447,Sabtu,5:52 AM,6:02 AM,7:13 AM,1:12 PM,4:33 PM,7:06 PM,8:20 PM
7/12/2025,16 Jamadilakhir 1447,Ahad,5:52 AM,6:02 AM,7:14 AM,1:12 PM,4:34 PM,7:06 PM,8:21 PM
8/12/2025,17 Jamadilakhir 1447,Isnin,5:53 AM,6:03 AM,7:14 AM,1:13 PM,4:34 PM,7:06 PM,8:21 PM
9/12/2025,18 Jamadilakhir 1447,Selasa,5:53 AM,6:03 AM,7:15 AM,1:13 PM,4:35 PM,7:07 PM,8:22 PM
10/12/2025,19 Jamadilakhir 1447,Rabu,5:53 AM,6:03 AM,7:15 AM,1:14 PM,4:35 PM,7:07 PM,8:22 PM
11/12/2025,20 Jamadilakhir 1447,Khamis,5:54 AM,6:04 AM,7:16 AM,1:14 PM,4:36 PM,7:08 PM,8:22 PM
12/12/2025,21 Jamadilakhir 1447,Jumaat,5:54 AM,6:04 AM,7:16 AM,1:15 PM,4:36 PM,7:08 PM,8:23 PM
13/12/2025,22 Jamadilakhir 1447,Sabtu,5:55 AM,6:05 AM,7:17 AM,1:15 PM,4:37 PM,7:09 PM,8:23 PM
14/12/2025,23 Jamadilakhir 1447,Ahad,5:55 AM,6:05 AM,7:17 AM,1:15 PM,4:37 PM,7:09 PM,8:24 PM
15/12/2025,24 Jamadilakhir 1447,Isnin,5:56 AM,6:06 AM,7:18 AM,1:16 PM,4:38 PM,7:10 PM,8:24 PM
16/12/2025,25 Jamadilakhir 1447,Selasa,5:56 AM,6:06 AM,7:18 AM,1:16 PM,4:38 PM,7:10 PM,8:25 PM
17/12/2025,26 Jamadilakhir 1447,Rabu,5:57 AM,6:07 AM,7:19 AM,1:17 PM,4:39 PM,7:10 PM,8:25 PM
18/12/2025,27 Jamadilakhir 1447,Khamis,5:57 AM,6:07 AM,7:19 AM,1:17 PM,4:39 PM,7:11 PM,8:26 PM
19/12/2025,28 Jamadilakhir 1447,Jumaat,5:58 AM,6:08 AM,7:20 AM,1:18 PM,4:39 PM,7:11 PM,8:26 PM
20/12/2025,29 Jamadilakhir 1447,Sabtu,5:58 AM,6:08 AM,7:20 AM,1:18 PM,4:40 PM,7:12 PM,8:27 PM
21/12/2025,30 Jamadilakhir 1447,Ahad,5:59 AM,6:09 AM,7:21 AM,1:19 PM,4:40 PM,7:12 PM,8:27 PM
22/12/2025,1 Rejab 1447,Isnin,5:59 AM,6:09 AM,7:21 AM,1:19 PM,4:41 PM,7:13 PM,8:28 PM
23/12/2025,2 Rejab 1447,Selasa,6:00 AM,6:10 AM,7:22 AM,1:20 PM,4:42 PM,7:13 PM,8:28 PM
24/12/2025,3 Rejab 1447,Rabu,6:00 AM,6:10 AM,7:22 AM,1:20 PM,4:42 PM,7:14 PM,8:29 PM
25/12/2025,4 Rejab 1447,Khamis,6:01 AM,6:11 AM,7:23 AM,1:21 PM,4:43 PM,7:14 PM,8:29 PM
26/12/2025,5 Rejab 1447,Jumaat,6:01 AM,6:11 AM,7:23 AM,1:21 PM,4:43 PM,7:15 PM,8:30 PM
27/12/2025,6 Rejab 1447,Sabtu,6:02 AM,6:12 AM,7:23 AM,1:22 PM,4:44 PM,7:15 PM,8:30 PM
28/12/2025,7 Rejab 1447,Ahad,6:02 AM,6:12 AM,7:24 AM,1:22 PM,4:44 PM,7:16 PM,8:31 PM
29/12/2025,8 Rejab 1447,Isnin,6:03 AM,6:13 AM,7:24 AM,1:23 PM,4:45 PM,7:16 PM,8:31 PM
30/12/2025,9 Rejab 1447,Selasa,6:03 AM,6:13 AM,7:25 AM,1:23 PM,4:45 PM,7:17 PM,8:32 PM
31/12/2025,10 Rejab 1447,Rabu,6:04 AM,6:14 AM,7:25 AM,1:24 PM,4:45 PM,7:17 PM,8:32 PM
